{
  "mean": [
    182.8033127471706,
    6.520236492747144,
    2021.99940539068
  ],
  "scale": [
    105.22818142781021,
    3.4439906373875995,
    0.8160361377788958
  ],
  "var": [
    11072.970166604144,
    11.861071510413444,
    0.6659149781610971
  ],
  "n_samples_seen": 2250217
}